First Name,Last Name,Email,Age,Occupation
Eugenia,Rippin,Orval81@hotmail.com,33,Dynamic Security Orchestrator
Hardy,Lowe,Libbie_Wilderman@yahoo.com,58,National Research Coordinator
Ericka,Kunze,Tania_Brekke@yahoo.com,37,Future Communications Coordinator
Schuyler,Reynolds,Johathan.Schimmel@gmail.com,25,Future Functionality Associate
Mallie,Wiza,Julio_Metz23@hotmail.com,52,Regional Operations Liaison
Pierre,Cassin,Katelyn.Kutch@yahoo.com,54,Legacy Operations Officer
Evans,Predovic,Grover_OKon98@hotmail.com,30,Corporate Factors Officer
Tomasa,Nader,Vladimir.Johnston@gmail.com,52,Regional Integration Facilitator
Phyllis,Quigley,Lavern53@gmail.com,26,Direct Tactics Producer
Elda,Miller,Deon86@gmail.com,48,Principal Optimization Technician
Breana,Quigley,Angeline42@yahoo.com,34,Internal Brand Engineer
Barbara,Runolfsdottir,Rolando.Wisoky25@yahoo.com,46,Senior Mobility Coordinator
Rico,Huels,Alanis.Jenkins-Paucek@hotmail.com,59,District Creative Director
Shaylee,Blanda,Willa.Quitzon68@hotmail.com,43,District Directives Specialist
Crawford,Lebsack,Aiyana45@gmail.com,25,National Applications Consultant
Fritz,Schmitt,Mallie_Heathcote@yahoo.com,39,Senior Accounts Developer
Alvah,Smith,Adrian_Grant@hotmail.com,56,Principal Program Representative
Nedra,Cormier,Mable33@gmail.com,38,International Configuration Developer
Maymie,Wuckert,Arvid.Grady97@gmail.com,48,Regional Division Analyst
Natalia,Leuschke,Chaya6@hotmail.com,55,Regional Implementation Agent
Justen,Boyer,Myriam.Wehner@gmail.com,59,Legacy Operations Officer
Esmeralda,Block,Alexys_Beahan77@gmail.com,55,Chief Identity Coordinator
Larue,Reynolds,Christ21@yahoo.com,20,Senior Implementation Liaison
Barbara,Murazik,Curtis80@gmail.com,29,Corporate Intranet Facilitator
Brook,Toy,Pierce.OConnell27@hotmail.com,41,Future Paradigm Technician
Felipa,Walker,Russ45@yahoo.com,65,Product Creative Supervisor
Gretchen,Bauch,Zack.Greenholt@gmail.com,29,Corporate Metrics Specialist
Breanna,Lubowitz,Jerald_Abshire@gmail.com,50,Central Interactions Producer
Gino,Kertzmann,Nicola18@hotmail.com,60,Human Tactics Engineer
Mohamed,Hudson,Lina98@gmail.com,43,Internal Infrastructure Agent
Gail,Ratke,Ari19@gmail.com,43,Investor Tactics Orchestrator
Lessie,Beier,Caden.Lang59@gmail.com,40,Direct Division Planner
Zita,Carroll,Evan.Connelly-Rippin27@hotmail.com,39,Product Web Assistant
Dolly,Yost,Sonya.Hammes59@hotmail.com,43,District Usability Manager
Cora,Lemke,Zoey4@gmail.com,62,Chief Creative Analyst
Brendan,Dicki,Preston.Blick@hotmail.com,50,Product Applications Officer
Rossie,Daniel,Mohammed_Towne@yahoo.com,26,National Paradigm Analyst
Noemi,Cronin,Eli.Zemlak@yahoo.com,47,International Data Officer
Noemie,Altenwerth,Tremaine34@hotmail.com,46,Investor Mobility Engineer
Bridgette,Mueller,Douglas_Rath@yahoo.com,46,Direct Usability Engineer
Roel,O'Connell,Andy_Hoppe16@yahoo.com,53,Dynamic Interactions Analyst
Nathan,O'Connell-Bailey,Louie96@yahoo.com,32,Lead Response Architect
Jacques,Christiansen,Hunter_Muller73@yahoo.com,29,Investor Integration Specialist
Vallie,Rohan,Heath68@yahoo.com,20,Senior Integration Engineer
Ignacio,Runte,Marge.Auer@hotmail.com,65,Lead Intranet Architect
Sherwood,Schamberger,Alba_Ferry54@gmail.com,58,Customer Program Specialist
Dandre,Price,Demarcus86@yahoo.com,58,Senior Intranet Developer
Haylee,Bayer,Santiago_Terry35@gmail.com,56,Principal Communications Facilitator
Brandon,Toy,Birdie40@yahoo.com,45,International Interactions Planner
Magdalena,Brown,Dominic58@hotmail.com,61,Internal Operations Consultant
Nestor,Reilly,Libby90@yahoo.com,43,Corporate Creative Analyst
Ivy,Heller-Monahan,Riley68@yahoo.com,27,Corporate Division Producer
Olen,Pagac,Enid39@hotmail.com,44,Principal Factors Planner
Americo,Ward,Maud.Erdman-Leffler85@hotmail.com,58,International Program Producer
Leopold,Breitenberg,Corene23@hotmail.com,21,Dynamic Division Architect
Salvador,Dickens,Derek10@yahoo.com,49,Global Infrastructure Associate
Kylee,White,Virgil88@yahoo.com,61,International Accountability Executive
Nyasia,Lakin,Frederic.Gerhold99@hotmail.com,22,Direct Program Agent
Syble,Altenwerth,Clair_Parisian@hotmail.com,63,Chief Marketing Planner
Ron,Murray,Elda_Moore64@gmail.com,55,Regional Directives Technician
Hailey,Willms,Bennett_Herzog93@gmail.com,32,Chief Interactions Designer
Manuela,Feil-Kohler,Imani.Bergstrom@gmail.com,21,Future Integration Coordinator
Oren,Bins,Jessica54@yahoo.com,18,Senior Infrastructure Analyst
Franz,Zboncak-Osinski,Isabella.Lebsack78@gmail.com,64,Legacy Directives Specialist
Violet,Morar,Willie_Wilkinson@hotmail.com,31,Human Interactions Analyst
Madyson,Cremin,Bell.Okuneva84@hotmail.com,55,Human Program Liaison
Antone,Wolff,Cary.Boyle@yahoo.com,58,Principal Functionality Planner
Anne,Ortiz,Hugh_Runolfsson54@yahoo.com,62,Forward Applications Producer
Will,Hermann,Zander_OKeefe78@hotmail.com,62,Legacy Assurance Architect
Rudy,Volkman,Petra.Satterfield66@yahoo.com,24,Legacy Markets Assistant
Caitlyn,Schiller,Waino.Beier@yahoo.com,61,International Data Administrator
Liam,Gleichner,Daphne.Mayer64@gmail.com,39,Product Implementation Director
Cassie,Schamberger,Foster.Braun@gmail.com,42,Forward Research Consultant
Sonya,Streich,Gussie.Toy67@gmail.com,26,Internal Research Facilitator
Mayra,Hansen,Alana.Kerluke@hotmail.com,49,Global Infrastructure Technician
Madelynn,Maggio,Braxton.Walker@yahoo.com,32,Senior Web Architect
Maya,Schiller,Madilyn33@hotmail.com,57,International Communications Architect
Ardith,Jacobi,Baylee_Treutel62@yahoo.com,18,Future Markets Administrator
Anna,Lind,Camden56@gmail.com,39,Dynamic Intranet Engineer
Mario,Gottlieb,Sherwood_Wuckert36@gmail.com,45,Principal Metrics Technician
Tyrel,Cartwright,Cooper.Schuppe-Beier41@yahoo.com,59,Dynamic Functionality Planner
Jerad,Bins,Nolan.Mueller15@gmail.com,32,Forward Markets Officer
Caesar,Harvey,Wilfredo11@gmail.com,45,Future Integration Technician
Ferne,Heaney,Frederique_King@yahoo.com,31,Forward Web Engineer
Nicholaus,Bruen,Bailee_Romaguera@yahoo.com,63,Forward Identity Engineer
Jeffrey,Effertz,Elinor.Schaefer@hotmail.com,33,Forward Communications Engineer
Kaitlyn,Pfeffer,Sydnie4@yahoo.com,61,Human Usability Orchestrator
Alessandra,Kuvalis,Jada_Mann@gmail.com,60,Future Security Facilitator
Ramiro,Weimann,Concepcion50@hotmail.com,44,Principal Paradigm Designer
Talia,Roob,Ruby.Wilkinson@gmail.com,26,Global Operations Analyst
Imani,Smitham,Burley_Schultz@yahoo.com,41,National Accounts Representative
Douglas,Hermann,Jarvis_Turcotte28@hotmail.com,23,Chief Brand Architect
Ronny,Wisozk,Alfreda_OHara26@yahoo.com,53,Future Solutions Representative
Garfield,Frami,Amos.Mills79@yahoo.com,31,Principal Research Assistant
Carolanne,Waters,Zackery_Conroy48@hotmail.com,61,Direct Solutions Executive
Heloise,Haley-Farrell,Jeffrey86@yahoo.com,59,Investor Applications Producer
Freddy,Welch,Ericka.Hansen34@gmail.com,26,Corporate Usability Representative
Yvette,Kuhic,Trisha51@gmail.com,41,Customer Tactics Coordinator
Lily,Lemke,Zackary_Bayer-Paucek@yahoo.com,39,National Accounts Consultant
Bill,Gerlach,Dewayne_Hayes62@gmail.com,40,Regional Intranet Developer
Catherine,Ferry,Moses13@yahoo.com,48,Lead Configuration Coordinator
Everette,Mante,Cameron_Labadie@hotmail.com,39,Internal Communications Engineer
Aiden,Ratke,Berry_Kiehn7@hotmail.com,30,Internal Mobility Technician
Audra,Larson,Dax_Borer@hotmail.com,52,Chief Quality Associate
Alyson,Pfeffer,Kim_Stiedemann@hotmail.com,63,Lead Applications Orchestrator
Olin,McDermott,Katlyn_Wehner@gmail.com,49,Principal Integration Officer
Marshall,Crist,Alexander10@yahoo.com,27,District Markets Consultant
Kavon,Pagac,Beaulah15@gmail.com,23,Central Mobility Director
Xander,Tillman,Olaf.Herzog@hotmail.com,53,Central Applications Facilitator
Kurtis,Zboncak,Mallie39@gmail.com,48,Regional Marketing Coordinator
Jaylen,Fadel,Elissa.Schinner@gmail.com,30,Central Marketing Strategist
Maximus,Morar,Monroe_Morissette@yahoo.com,24,Senior Infrastructure Executive
Julianne,Langworth,Courtney.Johnston74@gmail.com,20,Investor Tactics Liaison
Santiago,Feest,Mckenzie.Kautzer-Williamson@hotmail.com,52,Future Optimization Administrator
Lisette,Schamberger,Destin_Von@hotmail.com,56,Senior Implementation Manager
Louie,Stamm,Rachael_Schultz@gmail.com,56,Principal Marketing Technician
Eden,Schaefer,Caitlyn.Gleason@yahoo.com,35,Central Communications Assistant
Janis,Jakubowski,Fausto14@yahoo.com,23,Global Program Facilitator
Gerhard,Hettinger-Reichel,Grayson.Dickinson27@gmail.com,19,Direct Metrics Coordinator
Stanley,Green,Breanna4@yahoo.com,27,Global Quality Strategist
Assunta,Kemmer,Anissa28@gmail.com,36,Corporate Assurance Facilitator
Else,Smith,Alejandra_Zemlak@yahoo.com,59,Investor Markets Administrator
Kory,Greenfelder,Nedra.Wisoky@hotmail.com,51,Human Implementation Coordinator
Krystel,Nikolaus,Verla93@hotmail.com,33,Global Assurance Executive
Jack,Feil-Hirthe,Emma29@yahoo.com,59,District Accountability Analyst
Payton,Jakubowski,Marcos.Stiedemann@gmail.com,27,Senior Configuration Architect
Angelo,White,Emil10@yahoo.com,25,Legacy Implementation Designer
Clay,Stokes,Horacio21@hotmail.com,32,Internal Metrics Facilitator
Adrien,Emard,Yolanda.Rosenbaum@yahoo.com,40,Legacy Creative Agent
Rosalia,Cassin,Martin.Kirlin39@gmail.com,39,Chief Marketing Liaison
Kiley,Koss,Keith18@hotmail.com,57,Direct Data Specialist
Naomie,Dibbert,Heber.Anderson29@yahoo.com,25,Product Accounts Manager
Jennyfer,Nitzsche,Jacquelyn.Konopelski@yahoo.com,47,Senior Factors Planner
Cletus,Quitzon,Solon.Boyle7@gmail.com,19,Investor Operations Developer
Kathleen,Lockman,Vicky.Cole77@hotmail.com,42,Product Marketing Designer
Nicole,Schumm,Jared_Leuschke@hotmail.com,25,Investor Operations Agent
Melisa,Herzog,Mireille92@yahoo.com,22,Chief Tactics Orchestrator
Ada,Wiza,Candelario.Murazik@yahoo.com,44,Human Interactions Strategist
Addie,McDermott,Muriel.Harris7@yahoo.com,43,Chief Infrastructure Assistant
Johnathon,Hayes,Eldora.Runte33@yahoo.com,64,Central Division Strategist
Janae,Rodriguez,Ova_Wolff26@gmail.com,59,Principal Solutions Administrator
Jaron,Simonis,Alta_Prosacco@yahoo.com,51,Investor Accountability Coordinator
Rebeka,Spencer-Howell,Magnus19@yahoo.com,22,District Web Specialist
Darren,Dibbert,Antonina_Pfeffer6@gmail.com,53,Dynamic Markets Developer
Garret,Jacobi,Eleazar.Borer74@hotmail.com,60,Senior Quality Administrator
Joshuah,Abbott,Kadin_Koch2@hotmail.com,35,Product Usability Technician
Brown,Pollich,Griffin_Schmitt55@gmail.com,55,Product Configuration Associate
Marquise,Bednar,Caleigh.Krajcik@gmail.com,39,Internal Creative Supervisor
Stevie,Lynch,Sarai91@gmail.com,61,Lead Assurance Consultant
Jarrod,Blanda,Derrick.Auer72@yahoo.com,26,Chief Integration Coordinator
Mellie,Dicki,Amani74@hotmail.com,49,Direct Accounts Developer
Adrian,Prosacco,Magnus_Cartwright@yahoo.com,39,Direct Quality Manager
Emilia,Runolfsdottir,Houston62@hotmail.com,46,Customer Interactions Executive
Modesta,Schiller,Clarissa19@yahoo.com,33,Direct Web Administrator
Seamus,Armstrong,Shirley_Hintz67@yahoo.com,51,Product Quality Architect
Cristina,Hilpert,Marlon_Luettgen@yahoo.com,57,Corporate Solutions Orchestrator
Chase,Bayer-Mitchell,Nola_Boyle15@gmail.com,46,Regional Paradigm Agent
Marlin,Wilkinson,Marina.Marquardt26@hotmail.com,31,Chief Identity Director
Lillie,Funk,Desmond.Moore@hotmail.com,56,Central Accountability Director
Gus,Jacobs,Kenny.Friesen@hotmail.com,61,Regional Group Representative
Ruthe,Haag,Oliver.Kshlerin98@gmail.com,42,International Web Director
Lela,Bogisich,Arvel_Goodwin@gmail.com,29,Customer Group Manager
Kamille,Terry,Rosina.Conn23@hotmail.com,35,National Data Architect
Berta,Hettinger,Ethel3@gmail.com,62,Future Brand Analyst
Sheldon,Spencer,Josiah85@yahoo.com,35,International Integration Specialist
John,Johnston,Luis_Stroman97@yahoo.com,28,Principal Response Assistant
Evangeline,Schaden,Mustafa_Murphy85@gmail.com,53,District Optimization Technician
Isidro,Herzog,Erin93@yahoo.com,61,Corporate Directives Executive
Zackary,Gislason,Linnie49@yahoo.com,36,Investor Research Planner
Kyla,Lang,Hayley_Fisher@gmail.com,23,Chief Functionality Executive
Janis,D'Amore,Hubert16@yahoo.com,65,Human Configuration Assistant
Sonya,Schimmel,Una88@hotmail.com,45,Future Integration Assistant
Samir,Will-Adams,Nico43@gmail.com,57,Chief Communications Architect
Cicero,Strosin,Elian.Jacobs3@yahoo.com,24,Principal Security Engineer
Kelly,McKenzie,Marielle_Zulauf@hotmail.com,65,Future Mobility Assistant
Natalia,Mann,Else_Gottlieb@hotmail.com,29,Forward Functionality Agent
Angie,Weber,Marco_Miller@hotmail.com,26,Forward Data Director
Wellington,Lesch,Matteo.Welch41@hotmail.com,29,Direct Research Agent
Queen,Ruecker,Ezequiel55@gmail.com,36,Central Accountability Director
Antone,Hand,Kadin69@gmail.com,56,Senior Markets Producer
Linnie,Ortiz-Bins,Viola.Ullrich52@yahoo.com,25,Corporate Security Consultant
Brian,Kautzer,Jarret_Hoeger@hotmail.com,50,Human Configuration Assistant
Christina,Bosco,Justice23@hotmail.com,32,International Security Architect
Eldridge,Leannon,Dandre_Schimmel@yahoo.com,20,International Creative Associate
Thea,Hettinger,Paxton.OHara9@yahoo.com,26,Dynamic Security Manager
Addie,Beier,Angeline.Towne89@hotmail.com,39,Principal Research Supervisor
Mallie,Beatty,Brianne_Kulas63@yahoo.com,40,Forward Operations Technician
Alverta,Cartwright,Estel_Johns71@hotmail.com,65,Forward Optimization Analyst
Isabella,Parker,Margie_Kemmer@gmail.com,62,Legacy Applications Executive
Guillermo,Carter-Wisozk,Shana12@yahoo.com,25,Product Metrics Supervisor
Berniece,Hagenes,Jonas.Balistreri-Klocko@yahoo.com,30,National Paradigm Agent
Abe,Borer,Morton.Lindgren@yahoo.com,42,District Infrastructure Assistant
Darrel,Rowe,Timothy.Zboncak@gmail.com,30,Senior Functionality Associate
Annetta,Conroy-Altenwerth,Onie_Rowe56@gmail.com,25,Chief Implementation Technician
Amanda,Kozey,Amparo.Lueilwitz37@gmail.com,19,Direct Optimization Representative
Unique,Shanahan-Kling,Bridie28@gmail.com,46,Future Mobility Representative
Dominic,Pfeffer,Ryan_Kovacek@hotmail.com,44,Global Operations Engineer
Joaquin,Welch,Gregory.OKeefe48@gmail.com,51,Chief Accounts Engineer
Rhoda,Barrows,Newell_Wisoky22@hotmail.com,53,Regional Brand Associate
Pete,Carter,Maximo72@yahoo.com,30,Corporate Security Manager
Vesta,Schaefer,Darius_Adams@yahoo.com,42,Central Data Analyst
Jonathan,Osinski,Katheryn_Reinger66@hotmail.com,55,Product Solutions Director
Thea,Nolan,Norbert48@gmail.com,34,Human Intranet Manager
Cooper,Reynolds,Margarett43@yahoo.com,28,Future Brand Architect
Barbara,Kuphal,Rubye_Bogisich48@hotmail.com,24,Legacy Integration Liaison
Myrtis,Carter,Krystina_Brekke12@gmail.com,44,Forward Division Designer
Mariano,Turner,Hayley.Little@yahoo.com,56,Human Communications Consultant
Kendrick,Crooks,Beau25@yahoo.com,55,Legacy Usability Representative
Victoria,Jacobi,Hayley_Russel@hotmail.com,22,National Branding Agent
Nelson,Spinka,Andres.Klocko@yahoo.com,40,Global Solutions Coordinator
Kaleb,Hoppe,Zula_Feil3@hotmail.com,36,Human Infrastructure Administrator
Luna,King,Harry_Schinner@yahoo.com,26,Product Factors Specialist
Davon,Ziemann,Gretchen9@gmail.com,52,Regional Group Developer
Kayla,Romaguera,Annabell_Runolfsdottir59@gmail.com,32,Direct Division Facilitator
Khalil,Hand,Cesar69@gmail.com,33,International Group Analyst
Joanie,Kessler,Cristina75@yahoo.com,25,Customer Security Consultant
Edyth,Terry,Oscar56@gmail.com,50,Forward Marketing Engineer
Summer,Lubowitz,Vidal_Marquardt71@gmail.com,65,Internal Paradigm Representative
Howell,Walsh,Cary_Veum32@hotmail.com,24,Lead Optimization Technician
Stefanie,Paucek,Yoshiko83@hotmail.com,58,Dynamic Research Consultant
Linnea,Murray-Wuckert,Sadie51@yahoo.com,43,Global Markets Strategist
Ilene,Waters,Tremayne_Williamson-Bahringer51@hotmail.com,25,Product Intranet Technician
Yolanda,Hauck,Danyka_Skiles@hotmail.com,37,Product Identity Orchestrator
Helen,Dare,Marietta_Sporer@yahoo.com,59,Human Research Coordinator
Armando,Kerluke,Rickey48@hotmail.com,44,Future Markets Designer
Theron,Stehr,Rose_Schinner40@yahoo.com,47,Corporate Intranet Administrator
Olin,Weimann,Emmy.Schultz@yahoo.com,53,Direct Functionality Executive
Lisa,Murazik-Maggio,Raymond64@hotmail.com,32,Internal Communications Facilitator
Olen,Rau-Homenick,Milton.Quigley70@gmail.com,22,Dynamic Factors Architect
Jasper,Schoen,Eliane.Kassulke@gmail.com,34,Human Optimization Supervisor
Idell,Kuhic,Angela_Cartwright15@hotmail.com,32,Direct Tactics Designer
Gilbert,Hauck,Mustafa41@yahoo.com,54,National Marketing Consultant
Broderick,Kuvalis,Mattie87@hotmail.com,19,Customer Division Supervisor
Marcellus,Pacocha,Jerald.Bayer-Jakubowski@yahoo.com,59,Chief Program Planner
Justus,Roberts,Roma.Jones57@gmail.com,61,Legacy Solutions Producer
Nathen,Sawayn,Hilbert.Wehner94@hotmail.com,30,Product Web Representative
Reece,Larson,Therese.Harber@gmail.com,54,Investor Research Planner
Kyleigh,Mosciski,Lou_Wisozk60@yahoo.com,47,Senior Data Director
Luis,Watsica,Alexane.Gutkowski83@yahoo.com,52,District Marketing Executive
Reese,Lakin,Velva_Block23@hotmail.com,58,Customer Quality Consultant
Elinore,Bins-Armstrong,Rebecca_Hahn5@gmail.com,63,Human Identity Facilitator
Odie,Monahan,Niko_Kuhlman@gmail.com,64,National Quality Agent
Teresa,Dickens,Brad_Reichert@gmail.com,54,Human Markets Planner
Favian,Marquardt,Cheyenne.Reinger@gmail.com,22,Legacy Accountability Planner
Josiane,Schinner,Wendy.Stokes@hotmail.com,26,Product Data Administrator
Deanna,Tremblay,Meaghan35@hotmail.com,37,Global Program Director
Tyreek,Wuckert,Constantin67@gmail.com,65,Customer Solutions Associate
Lawrence,Stehr,Mariane42@gmail.com,19,Central Implementation Executive
Alanna,Waelchi,Rosetta17@hotmail.com,29,Corporate Creative Architect
Eula,O'Connell,Barney.Bauch@yahoo.com,51,Global Paradigm Liaison
Emmett,Okuneva,Karlie_Hilpert26@yahoo.com,21,International Mobility Planner
Cecile,Kassulke,Clark74@hotmail.com,43,Human Marketing Orchestrator
Elyse,Yundt,Alvis_Franecki55@yahoo.com,62,National Tactics Officer
Richie,Wisoky,Kathryne.Hackett@hotmail.com,46,Global Operations Specialist
Mafalda,Kris,Edythe.Blanda@gmail.com,49,International Communications Manager
Oren,Trantow,Maryjane90@gmail.com,35,District Markets Coordinator
Susana,Satterfield,Will67@gmail.com,60,Corporate Mobility Facilitator
Halie,Howell,Edd.Breitenberg@gmail.com,49,Central Implementation Developer
Johnathan,Feeney,Cory.Cole@yahoo.com,64,Direct Markets Liaison
Juwan,Quigley,Jayde99@hotmail.com,33,Central Assurance Agent
Jerad,Gibson,Genevieve93@hotmail.com,40,National Configuration Architect
Seamus,Hauck,Desiree_Cormier@yahoo.com,32,District Brand Producer
Justyn,Schaden,Jamal.Jakubowski@gmail.com,29,Chief Factors Specialist
Rosalyn,O'Reilly,Bonita.Herman@yahoo.com,46,Human Web Planner
Maximo,Strosin,Adrien.Wehner@yahoo.com,57,Global Branding Representative
Ottilie,Abshire,Ruthie_Ledner25@hotmail.com,54,Investor Research Supervisor
Eliezer,Pollich,Lewis14@gmail.com,65,Central Paradigm Developer
Brice,Mertz,Fritz.Rippin39@hotmail.com,19,Regional Configuration Strategist
Otha,Johnson,Jayce27@yahoo.com,46,Internal Branding Consultant
Israel,Gleichner-Rolfson,Elmore.Kerluke@hotmail.com,34,Legacy Intranet Facilitator
Oleta,Kunde,Houston.Gulgowski52@gmail.com,24,Legacy Security Engineer
Jazmyn,Walter,Terrence.Davis7@gmail.com,23,Product Research Liaison
Einar,Will-Koss,Danika_Parker@yahoo.com,39,Product Metrics Analyst
Vida,Lang,Ruben44@gmail.com,61,Forward Usability Planner
Karianne,Wolff,Leanne.Koepp61@hotmail.com,56,National Research Specialist
Colleen,Heidenreich,Hubert6@hotmail.com,29,Dynamic Program Liaison
Marcellus,Leuschke,Orin_Satterfield9@hotmail.com,56,Lead Accountability Orchestrator
Caterina,Kozey,Vladimir.Toy@gmail.com,48,District Tactics Agent
Max,Marks,Darion.Wilkinson@gmail.com,23,Investor Interactions Associate
Lela,Padberg,Keara_Witting0@yahoo.com,49,Corporate Paradigm Planner
Ruby,Keeling,Haylee_Johns82@gmail.com,38,International Data Executive
Jimmie,Batz,Samara_Nitzsche6@gmail.com,65,Global Functionality Engineer
Aniya,Fisher,Celia.Kuhlman@gmail.com,60,Principal Metrics Facilitator
Reginald,Gibson,Emilia72@gmail.com,45,Human Markets Representative
Lonny,Stracke,Mac_Steuber@yahoo.com,45,Direct Group Orchestrator
Buster,Rohan,Wade_Nikolaus47@hotmail.com,53,Chief Tactics Director
Gayle,McKenzie,Evan.Corwin@gmail.com,64,Regional Directives Planner
Shawn,Runte,Claire_Kuhn79@hotmail.com,49,Dynamic Web Architect
Lazaro,Rippin,Joel.Hermiston-Moore79@yahoo.com,50,Corporate Operations Associate
Archibald,Dibbert,Jordyn82@yahoo.com,48,District Marketing Engineer
Kathlyn,Schuppe,Damon.Krajcik84@yahoo.com,35,Lead Integration Analyst
Brigitte,Mosciski,Marcelle.Rice@yahoo.com,57,Internal Interactions Supervisor
Kane,Hermann,Sophia_Cassin25@yahoo.com,48,Human Integration Developer
Llewellyn,Skiles,Eusebio_Pagac@gmail.com,59,Product Division Associate
Brayan,Cole,Loraine.Collier-Zemlak15@hotmail.com,31,Central Functionality Representative
Shyann,Gerlach,Felicity51@yahoo.com,54,Global Markets Developer
Oda,Frami,Samara14@yahoo.com,62,International Directives Facilitator
Novella,Hessel,Quincy78@gmail.com,20,Corporate Creative Analyst
Preston,Murphy,Johathan55@yahoo.com,30,International Integration Manager
Walter,Haag,Gianni51@gmail.com,19,Customer Infrastructure Architect
Makayla,Cummerata,Jaclyn_Watsica@yahoo.com,52,Dynamic Tactics Administrator
Ola,Wiza,Abby_Kassulke66@gmail.com,25,Corporate Paradigm Strategist
Bethel,Gulgowski,Oma_Robel@gmail.com,32,Investor Markets Engineer
Orin,Morar,Clovis.Collier73@hotmail.com,60,Dynamic Integration Agent
Kristina,Fahey,Xavier.Vandervort@hotmail.com,45,International Intranet Orchestrator
Shakira,Smitham,Delmer_Torp@yahoo.com,24,Lead Security Agent
Grady,Monahan,Miles43@yahoo.com,31,National Security Officer
Kadin,Simonis,Madie_Kshlerin-Cartwright18@yahoo.com,58,International Configuration Developer
Enid,Russel,Thalia.Parker@hotmail.com,48,Senior Solutions Analyst
Sonya,Fadel,Duane_Schaden@hotmail.com,18,Legacy Response Officer
Curtis,Sawayn,Ervin_Yost25@gmail.com,27,Investor Infrastructure Assistant
Elfrieda,Marks,Isidro_Howell-Ziemann@hotmail.com,48,Chief Configuration Liaison
Katherine,Ernser,Jeffrey_Will25@gmail.com,41,Customer Assurance Coordinator
Berry,Kuhic,Filomena_Denesik@gmail.com,18,Principal Integration Specialist
Kailee,Hoeger,Janiya.Quigley80@gmail.com,35,International Factors Associate
Dexter,Lang,Matteo.Pfannerstill18@gmail.com,18,Product Accounts Orchestrator
Carter,Dickinson,Leila_Mueller@gmail.com,28,District Integration Planner
Ward,Champlin,Laury_Jacobi@hotmail.com,48,International Quality Executive
Alfred,Casper,Keegan.Buckridge@hotmail.com,39,Legacy Research Technician
Stacy,Gutkowski,Emmalee23@gmail.com,59,National Applications Designer
Timothy,Hagenes,Kaylee.Yost@gmail.com,35,Corporate Directives Designer
Celia,Mertz,Reanna.Hirthe@hotmail.com,27,Human Paradigm Director
Mathew,Larkin,Kayley_Kessler@hotmail.com,46,Regional Creative Engineer
Olaf,Brakus,Guillermo_Tromp@hotmail.com,22,National Quality Officer
Allen,Durgan,Nikki_VonRueden34@yahoo.com,53,Central Applications Manager
Schuyler,Torphy,Rebecca48@yahoo.com,61,Chief Interactions Assistant
Brenna,Goldner,Pete.Padberg@yahoo.com,34,Direct Optimization Liaison
Cathryn,Blanda,Makenna.Lemke@gmail.com,43,Direct Metrics Representative
Terrence,Kuvalis,Katheryn_Wiegand@yahoo.com,31,Corporate Implementation Liaison
Arno,Grant,Domenica.Crona@yahoo.com,42,Regional Configuration Technician
Greg,Wunsch,Jenifer.Armstrong-Ruecker@gmail.com,36,Investor Applications Administrator
Dena,Kuphal,Orie55@yahoo.com,64,Forward Assurance Agent
Dayne,Dach,Rafael.Tremblay@yahoo.com,54,District Intranet Orchestrator
Allison,Renner,Marcelo_Ledner71@yahoo.com,64,Corporate Operations Representative
Angelica,Lesch,Antonietta.Russel@hotmail.com,35,Internal Solutions Strategist
Kelsi,Crist,Zetta_Bergnaum@hotmail.com,59,National Program Supervisor
Gregorio,McClure,Jaclyn_Runolfsson@hotmail.com,46,Customer Paradigm Director
Rico,Hills,Carli.Keebler61@hotmail.com,36,Senior Group Executive
Arno,Beier,Geoffrey.Watsica42@hotmail.com,56,National Assurance Analyst
Marielle,Brakus,Breanna_Rath@hotmail.com,35,Legacy Interactions Liaison
Ansel,Swaniawski,Annamae_Hettinger@hotmail.com,24,Customer Applications Supervisor
Tristian,Predovic,Ford_Goodwin51@yahoo.com,21,Regional Quality Manager
Dorthy,Olson,Tillman.Lowe@hotmail.com,23,Dynamic Quality Architect
Yasmine,Kemmer,Bianka.Konopelski63@gmail.com,52,Legacy Assurance Officer
Shanny,Bode,Lula_Swaniawski94@hotmail.com,46,Chief Communications Agent
Trisha,Jenkins,Pedro_Von@gmail.com,57,Chief Communications Supervisor
Lisa,Ward,Rubye_Rogahn66@hotmail.com,58,Principal Program Analyst
Kiera,Lemke,Guy79@gmail.com,36,Chief Implementation Designer
Rosalia,Ziemann,Ozella41@hotmail.com,50,Customer Identity Planner
Jeanie,Reynolds,Lukas.Ward30@hotmail.com,18,Forward Tactics Planner
Sage,Reilly,Roel.Dach@hotmail.com,51,Forward Quality Assistant
Ansley,Prohaska,Shea_Lindgren-Marquardt@gmail.com,47,Customer Infrastructure Developer
Kaela,Heathcote,Kareem_Dooley@hotmail.com,53,Internal Brand Associate
Karina,Kub,Augustine.Friesen@hotmail.com,63,Internal Implementation Supervisor
Camren,Roob,Adolphus_Lemke11@hotmail.com,47,National Research Producer
Ashlee,Bruen,Hildegard.Terry-Collier42@gmail.com,21,Senior Applications Director
Nicolas,Waters,Caden75@hotmail.com,46,Legacy Solutions Liaison
Archibald,Hammes,Filomena34@gmail.com,50,Lead Interactions Representative
Cali,Schuppe,Madisyn38@hotmail.com,50,Human Creative Specialist
Timothy,Rowe,Zelma_Lynch80@hotmail.com,19,Direct Web Assistant
Newell,Keebler,Emmet.Heathcote@hotmail.com,31,Direct Optimization Manager
Damian,Satterfield,Mandy.Luettgen@yahoo.com,44,Human Mobility Specialist
Charity,Schiller,Giovanna_Kiehn@gmail.com,61,Future Program Planner
Deion,Connelly,Scot.King@hotmail.com,41,National Marketing Officer
Marc,Schinner,Barry23@hotmail.com,65,Senior Response Officer
Josh,Bayer-Stracke,Rosamond81@hotmail.com,61,Investor Optimization Analyst
Akeem,Parisian,Deontae_West@gmail.com,29,Future Branding Planner
Angelita,Berge,Alvah16@hotmail.com,34,Forward Interactions Director
Maeve,Fritsch,Niko_Shanahan@hotmail.com,44,Legacy Data Engineer
Celestino,Daugherty,Winfield.Marks73@hotmail.com,61,Corporate Program Designer
Vicky,Quitzon,Andre_Sawayn30@yahoo.com,43,Forward Assurance Consultant
Kacie,Hermiston,Alejandrin66@yahoo.com,28,Lead Program Director
Justyn,Rempel,Shirley_Schuster@gmail.com,32,Customer Accountability Engineer
Elvis,Koelpin,Freda.Kertzmann@gmail.com,37,Lead Group Architect
Brisa,Labadie,Raleigh20@yahoo.com,62,Internal Intranet Executive
Kacey,Wunsch,Heber.Champlin@gmail.com,39,Global Accountability Consultant
Karina,Hodkiewicz,Korey.Kautzer@gmail.com,18,Product Web Associate
Pansy,Nolan,Wallace81@gmail.com,60,Internal Branding Architect
Ceasar,Brown,Una_Reinger@gmail.com,34,Dynamic Tactics Administrator
Magali,Goodwin,Garett_Schmeler@hotmail.com,25,Customer Research Representative
Amalia,Hackett,Garett.Ryan@gmail.com,37,Forward Operations Officer
Abelardo,Carter-Ratke,Leonel.Trantow2@gmail.com,28,Human Program Engineer
Warren,Daugherty,Kari95@hotmail.com,43,Forward Research Agent
Christopher,Dicki,Samanta_Mohr@gmail.com,41,National Integration Developer
Francisco,Steuber-Price,Casimir97@hotmail.com,51,Forward Assurance Analyst
Breanne,Runolfsson,Velda.Blick78@yahoo.com,58,District Mobility Architect
Vicente,Cormier,Michel_Wilderman@gmail.com,31,Forward Research Supervisor
Neil,Kuhic,Furman31@hotmail.com,37,Forward Configuration Liaison
Jovany,Lowe,Elmore14@yahoo.com,47,Central Marketing Designer
Wilson,Considine,Emerson_Leannon10@hotmail.com,20,Dynamic Branding Executive
Curt,Jerde,Jonas_Cronin17@hotmail.com,65,Direct Solutions Planner
Destiney,Yundt,Eunice_Homenick@yahoo.com,36,Future Accounts Developer
Rigoberto,Jones,Betsy19@gmail.com,21,Global Usability Analyst
Reva,Wolff,Tatum.Koss11@hotmail.com,46,Chief Tactics Associate
Maegan,Parisian,Larry.Reichert81@yahoo.com,19,Dynamic Program Director
Pete,Osinski,Reba_Hahn@yahoo.com,57,Dynamic Communications Designer
Janiya,Abbott,Antonietta_Swift@hotmail.com,60,Human Accountability Engineer
Valerie,Turner,Cary.MacGyver51@yahoo.com,57,Legacy Factors Administrator
Rhett,Johnson-Schowalter,Angus.Bahringer@hotmail.com,22,Customer Infrastructure Producer
Chadrick,Altenwerth,Dandre52@gmail.com,55,Corporate Integration Agent
Thaddeus,Brekke,Libbie.Hoeger85@hotmail.com,55,Regional Accounts Associate
Carolyn,Hoeger,Josephine34@yahoo.com,54,Human Quality Associate
Emilie,Wintheiser,Miles_Barton@gmail.com,44,District Implementation Manager
Marisol,Wiegand,Ethel.Rowe@yahoo.com,52,Corporate Response Designer
Brenda,Corkery,Sheridan_Metz36@gmail.com,64,Dynamic Group Engineer
Ruby,Williamson,Cleveland_Wolff@hotmail.com,48,Senior Response Planner
Boyd,Fadel,Roger68@gmail.com,47,Principal Branding Officer
Nia,Carter,Liliana_Pfeffer86@gmail.com,18,Human Assurance Representative
Prince,Gulgowski,Priscilla_Marquardt@yahoo.com,65,Senior Configuration Planner
Turner,Gislason,Lucinda.Hermann91@yahoo.com,36,Future Intranet Engineer
Buster,Nolan,Calista.Botsford@hotmail.com,32,Chief Factors Administrator
Leanne,VonRueden,Jessyca.Luettgen@gmail.com,38,Lead Factors Director
Liliane,Wyman,Monserrate37@gmail.com,27,Global Intranet Technician
Raul,Hilpert,Baron0@hotmail.com,19,Direct Optimization Designer
Brandt,Watsica,Destany64@gmail.com,55,National Accounts Manager
Felicia,Ziemann,Kenya.Dach@gmail.com,37,Customer Quality Coordinator
Eli,Goyette,Myriam31@yahoo.com,29,Central Metrics Facilitator
Ryann,Stehr,Dovie68@hotmail.com,20,Regional Functionality Technician
Nigel,Heathcote,Mara_Donnelly72@hotmail.com,56,Investor Web Coordinator
Raegan,Jones,Krystel.Torp@hotmail.com,58,Legacy Interactions Representative
Sylvia,Prohaska,Judd.Wunsch90@yahoo.com,60,Legacy Factors Analyst
Kyla,Kuhn,Suzanne.Reinger46@yahoo.com,55,Forward Metrics Planner
Dorcas,Wehner,Luis_Abshire90@yahoo.com,42,International Communications Strategist
Shaun,Powlowski,Dovie15@yahoo.com,36,Product Quality Planner
Emery,Hackett,Laurel63@hotmail.com,27,Lead Creative Officer
Susana,Wunsch,May_Hoppe19@hotmail.com,48,Internal Interactions Strategist
Kadin,Renner,Tavares.Abbott@yahoo.com,25,Legacy Configuration Facilitator
Joyce,Murphy,Consuelo96@hotmail.com,53,Investor Paradigm Strategist
Donato,Jakubowski,Lea_Cummings71@yahoo.com,40,Central Interactions Representative
Damian,Effertz-Hermiston,Webster.Block72@yahoo.com,33,Corporate Communications Planner
Elliott,Dach,Gavin4@yahoo.com,49,International Quality Architect
Neva,Watsica,Genesis63@yahoo.com,33,Central Data Agent
Santos,Vandervort,Emely.Nienow75@gmail.com,54,National Research Liaison
Joan,Schowalter,Arielle.Morar@hotmail.com,28,Corporate Accounts Facilitator
Domenica,White,Amely.Hyatt@gmail.com,51,Investor Markets Assistant
Leilani,Gottlieb,Hester.Sipes79@hotmail.com,36,Future Program Supervisor
Newton,Daniel,Mabelle_Windler66@yahoo.com,22,Central Creative Agent
Delmer,Botsford,Gwendolyn_Parisian@hotmail.com,25,Legacy Assurance Orchestrator
Paul,Runolfsdottir,Parker49@gmail.com,31,Principal Division Designer
Damion,Bogisich,Kamille63@hotmail.com,65,Dynamic Assurance Executive
Clifton,Auer,Aurelio67@gmail.com,47,Future Program Engineer
Antonietta,Buckridge,Jeanne71@gmail.com,27,District Optimization Designer
Maude,Lind,Rosario.Raynor@yahoo.com,23,International Response Associate
Alexzander,Kulas,Macey69@gmail.com,50,National Division Consultant
Cecilia,Rodriguez,Abdul.Hills@yahoo.com,35,Dynamic Configuration Officer
Tessie,Hartmann,Orland49@gmail.com,58,Chief Creative Agent
Dario,Towne,Desmond_King55@hotmail.com,45,Regional Quality Orchestrator
Evelyn,Mante,Edmund_Greenfelder62@yahoo.com,48,National Web Liaison
Ona,Prosacco,Edgar.Harber52@gmail.com,23,Legacy Communications Liaison
Jody,Swaniawski,Josiane71@yahoo.com,41,District Group Agent
Ines,Jast,Katelyn_Bayer73@yahoo.com,40,Human Operations Manager
Wilton,Stoltenberg,Dawson98@hotmail.com,32,National Research Executive
Valentine,Gottlieb,Ervin_Jenkins59@hotmail.com,40,Global Program Associate
Candida,Lind,Charlie_Nolan@hotmail.com,24,Corporate Integration Supervisor
Thurman,Conn,Marcella.Lehner53@gmail.com,32,Future Interactions Facilitator
Mauricio,Bernhard,Donavon_Rippin83@yahoo.com,34,Lead Integration Developer
Ignatius,Turcotte,Lila_Zemlak@hotmail.com,32,Future Security Administrator
Alene,Schinner,Mortimer23@gmail.com,43,Forward Identity Consultant
Eldred,Weissnat,General73@gmail.com,26,National Tactics Orchestrator
Aurelie,Cruickshank,Melvina60@gmail.com,34,District Web Administrator
Luz,Collins,Marisa_Okuneva-Sipes88@hotmail.com,39,Customer Interactions Developer
Beatrice,Lubowitz,Mathilde59@hotmail.com,62,Regional Paradigm Planner
Amara,Wuckert,Jeffery.Rempel41@gmail.com,61,International Communications Planner
Cydney,Emmerich,Beryl.Bednar39@yahoo.com,48,Chief Markets Representative
Loraine,Zieme,Hortense84@hotmail.com,62,Lead Infrastructure Consultant
Danny,Schamberger-Little,Jarred.Jerde60@gmail.com,40,Global Assurance Strategist
Karen,O'Connell,Rigoberto_Lueilwitz@hotmail.com,47,Chief Metrics Executive
Terrell,Carroll,Isai_McCullough@gmail.com,60,Corporate Creative Consultant
Krystal,Casper,Elmo51@yahoo.com,22,Product Optimization Executive
Dave,Flatley,Macey7@hotmail.com,56,Dynamic Creative Administrator
Nat,Pfannerstill,Aliza.Harris@gmail.com,58,Global Division Coordinator
Schuyler,Aufderhar,Billy16@hotmail.com,43,Customer Implementation Administrator
Giovani,Price,Candido.Bahringer@yahoo.com,19,Global Interactions Analyst
Edd,Lockman,Aubrey_Reichel5@hotmail.com,30,Chief Integration Manager
Everardo,Padberg,Quinn63@yahoo.com,43,Global Division Engineer
Kelley,Strosin,Stanton_Heaney62@hotmail.com,24,Senior Directives Specialist
Justen,Smitham,Karson_Oberbrunner@yahoo.com,53,Legacy Metrics Director
Margarett,Hilll,Micheal.Rippin@gmail.com,45,Corporate Communications Agent
Kianna,Collins,Delta90@gmail.com,30,Customer Solutions Engineer
Paige,Hills,Brendan37@hotmail.com,23,Product Markets Planner
Name,Mann,Carissa.Upton-Kunze@gmail.com,40,Dynamic Usability Architect
Steve,Romaguera,Kaci44@hotmail.com,26,Dynamic Markets Planner
Rahsaan,Reilly,Hank_Little@hotmail.com,37,Direct Marketing Executive
Casey,Auer,Wilfred2@yahoo.com,23,Forward Research Manager
Rowan,Schamberger,Domingo29@gmail.com,62,Future Solutions Manager
Kiley,Simonis,Brendon82@yahoo.com,62,Customer Assurance Technician
Ella,Towne,Delpha6@gmail.com,38,Principal Configuration Manager
Marie,Reynolds,Alexis.Terry@hotmail.com,60,Global Quality Associate
Jane,Grady,Vince92@hotmail.com,55,Legacy Configuration Analyst
Cristobal,Smith,Gwendolyn.Rowe44@gmail.com,24,Chief Applications Planner
Edgardo,Ernser,Bette_Mosciski@hotmail.com,20,Legacy Intranet Analyst
Brisa,Jast,Kareem_Davis60@hotmail.com,57,Central Quality Assistant
Wilmer,Schultz,Anderson.Kling@hotmail.com,38,District Optimization Executive
Orland,Hansen,Leda_Kutch91@yahoo.com,64,Human Solutions Supervisor
Anna,Lang-Maggio,Zander.Pollich-Nolan1@yahoo.com,23,Investor Markets Producer
Jodie,Abernathy,Vincenzo_Mills93@gmail.com,24,Chief Metrics Technician
Corbin,Koelpin,Frank94@hotmail.com,29,Global Mobility Liaison
Esperanza,Wuckert,Zion.Walker28@gmail.com,22,Direct Intranet Manager
Efren,Quitzon,Ken57@gmail.com,46,Regional Research Agent
Casey,Schneider,Holly81@yahoo.com,47,Lead Accounts Officer
Alba,Wilderman,Colby51@hotmail.com,32,Internal Data Assistant
Helena,Nader,Arvilla_Baumbach22@gmail.com,52,National Quality Agent
Coby,Beatty,Cristobal17@gmail.com,58,Global Functionality Consultant
Ismael,Rempel,Urban94@hotmail.com,56,Regional Intranet Associate
Alphonso,Cronin,Junius_Wintheiser30@hotmail.com,58,Forward Assurance Agent
Rafaela,Armstrong,Bridie77@hotmail.com,59,Direct Identity Manager
Delta,Nader-Bartell,Efren6@yahoo.com,53,National Identity Administrator
Toy,Morar,Florida30@yahoo.com,50,Forward Research Agent
Reyes,Weissnat,Ayla_Bernier@hotmail.com,28,Investor Infrastructure Agent
Rosemarie,Shanahan,Abbigail_Reilly@yahoo.com,36,Regional Creative Facilitator
Ted,Romaguera-Schuppe,Werner.Wunsch84@hotmail.com,24,Customer Implementation Engineer
Finn,Rowe,Jerald23@hotmail.com,18,Forward Tactics Specialist
Katrine,Ziemann,Brando_Reilly@gmail.com,25,Central Usability Orchestrator
Beau,Yost,Bernie25@yahoo.com,45,Future Division Associate
Alva,Abbott,Cole_Koch59@gmail.com,40,Central Security Representative
Ayla,Bechtelar,Jena.Skiles@gmail.com,49,Customer Integration Associate
Enid,Buckridge-McClure,Prudence29@yahoo.com,34,Principal Infrastructure Facilitator
Lew,Green,Keshawn.Graham@yahoo.com,53,Investor Interactions Director
Deanna,Kertzmann,Frida_Dach@gmail.com,52,Direct Accountability Director
Jasen,Blick,Khalid_Bernhard95@hotmail.com,40,Human Tactics Strategist
Delpha,Thompson,Kelton_McKenzie@gmail.com,64,Regional Markets Technician
Lillian,Hagenes,Cathryn38@yahoo.com,25,National Implementation Developer
Tatyana,Jacobs,Jannie.Graham@yahoo.com,23,Investor Metrics Consultant
Thea,Walsh,Eleanore35@gmail.com,41,Human Assurance Engineer
Lafayette,DuBuque,Colin_Hodkiewicz93@gmail.com,24,Internal Factors Executive
Katelin,Kuhlman,Kelsie_Willms54@yahoo.com,45,Legacy Implementation Planner
Jannie,Schowalter,Arlie61@gmail.com,57,Regional Accounts Assistant
Delphine,Beer,Brionna0@gmail.com,37,Customer Markets Planner
Elwyn,Altenwerth,Brock_Douglas@hotmail.com,32,National Response Officer
Ramiro,Volkman,David.Murphy20@hotmail.com,20,Product Response Agent
Icie,Streich,Lucile.Shanahan@gmail.com,58,District Web Representative
Ben,Hilpert,Rachael_Reichel@hotmail.com,54,Lead Mobility Agent
Clare,Rice,Amari.Kreiger@yahoo.com,29,Dynamic Paradigm Executive
Judson,Stroman,Lonzo.McCullough9@gmail.com,22,Human Infrastructure Associate
Everardo,Trantow,Jennie35@hotmail.com,65,Forward Security Producer
Edgar,Legros,Kip.Rau@gmail.com,36,Customer Quality Specialist
Betty,Erdman,Cordell64@hotmail.com,53,Customer Applications Agent
Garland,Keeling,Catharine.Goyette23@yahoo.com,38,Customer Usability Supervisor
Raoul,Frami,Jameson_Pollich@hotmail.com,45,Corporate Identity Architect
Lennie,Christiansen,Wilhelm24@yahoo.com,39,Global Metrics Producer
Rhoda,Pfannerstill,Brain42@yahoo.com,61,Customer Operations Director
Orie,Farrell,Jamarcus84@gmail.com,54,Global Security Officer
Christy,Bednar,Hilton12@hotmail.com,59,Legacy Optimization Producer
Wilfrid,Monahan,Brody_Carter-Hamill@hotmail.com,53,Product Solutions Developer
Norene,Robel,Elton.Treutel1@yahoo.com,34,Human Interactions Associate
Willie,Corwin,Duane_Keebler@hotmail.com,42,Regional Markets Assistant
Adan,Paucek-Wiegand,Randall.Boyle@gmail.com,32,Corporate Usability Facilitator
Emmalee,Reinger,Marguerite_Kilback@gmail.com,35,District Infrastructure Facilitator
Roscoe,Lesch,Eve_Parker@yahoo.com,33,Chief Functionality Architect
Willie,Grant,Franz.Mitchell44@hotmail.com,39,Central Group Architect
Lera,Johnson,Kristopher_Bode@yahoo.com,40,International Interactions Administrator
Noe,Sporer,Freeman3@gmail.com,33,Legacy Research Technician
Zita,Parker,Amir_Schaden72@hotmail.com,20,National Operations Facilitator
Maxwell,Kovacek,Quinton.Nienow72@yahoo.com,51,Customer Research Assistant
Eliezer,Koch,Jamaal87@gmail.com,38,District Directives Director
Gaetano,Green,Hannah.Stracke@yahoo.com,46,Senior Interactions Officer
Yazmin,Keeling,Everett.Haag@yahoo.com,50,Chief Configuration Coordinator
Jesus,Reynolds,Delpha58@gmail.com,32,Direct Markets Manager
Demetrius,Emard,Olen96@hotmail.com,63,National Tactics Administrator
Lupe,Klocko,Tom18@hotmail.com,22,Corporate Assurance Assistant
Haven,Armstrong,Josephine_Baumbach@hotmail.com,50,International Research Consultant
Stacey,Simonis,Gonzalo_Ondricka78@hotmail.com,27,Central Factors Consultant
April,Stark,Kiera_Parisian@yahoo.com,59,Direct Identity Agent
Jarod,Harber,Renee34@yahoo.com,37,Global Brand Supervisor
Kristoffer,Emard,Edison_Jacobi-Runolfsson2@yahoo.com,30,Corporate Solutions Supervisor
Nelda,Kessler,Craig39@hotmail.com,29,District Interactions Technician
Demarco,Abernathy,Vincenzo.Stoltenberg@gmail.com,55,Regional Identity Executive
Jeremy,Kling,Sven47@yahoo.com,32,Customer Paradigm Engineer
Cole,Wuckert,Savanah25@hotmail.com,38,Regional Brand Agent
Devin,Pouros,Charlotte71@gmail.com,35,Regional Data Developer
Marion,Batz,Bobby52@hotmail.com,19,Lead Marketing Orchestrator
Verla,Casper,Alberta87@yahoo.com,48,Customer Quality Orchestrator
Sigurd,Marquardt,Darrion.Abbott@hotmail.com,62,Internal Functionality Architect
Opal,Aufderhar,Felipe.Lynch@yahoo.com,25,Dynamic Operations Engineer
Mattie,Padberg,Consuelo_Schmidt@gmail.com,65,International Markets Assistant
Terence,Buckridge,Herman_Ondricka@gmail.com,32,Central Quality Supervisor
Melisa,Kerluke-Swaniawski,Augusta23@gmail.com,41,Principal Division Specialist
Nelle,Orn,Kole19@yahoo.com,24,Dynamic Identity Supervisor
Jettie,Koch,Cleveland.Armstrong@gmail.com,35,Central Tactics Developer
Joy,Borer,Amy14@gmail.com,29,Regional Marketing Agent
Marlon,Smitham,Koby_Jenkins@gmail.com,46,Regional Accounts Coordinator
Ramon,Ward,Casey72@gmail.com,46,International Operations Associate
Audrey,Padberg,Rowan.Padberg@hotmail.com,51,Internal Quality Strategist
Lawson,Metz,Lois_Jaskolski75@hotmail.com,65,Principal Program Architect
Oma,Gottlieb,Brianne.Thompson46@hotmail.com,28,Regional Web Associate
Veda,Robel,Cortney.Bailey41@gmail.com,42,Global Web Engineer
Elise,Bernhard,Brooklyn.Romaguera42@hotmail.com,63,National Applications Coordinator
Destiney,Mertz,Burdette.Christiansen16@hotmail.com,60,Senior Intranet Liaison
Kristoffer,Williamson,Royal_Kiehn@gmail.com,33,Customer Metrics Supervisor
Rosanna,King,Dolores20@yahoo.com,42,Global Creative Officer
Leone,Schaden,Wilford_Mosciski7@gmail.com,34,Global Accountability Officer
Colt,Pfeffer,Scot_Adams16@hotmail.com,24,District Brand Coordinator
Amir,Barrows,Georgiana_Wehner50@hotmail.com,46,District Interactions Technician
Natasha,Bashirian,Mariana.Cassin6@gmail.com,56,Chief Solutions Agent
Kylee,Strosin,Dorris.Mertz@yahoo.com,36,Investor Interactions Planner
Lula,Reichel,Florencio14@gmail.com,57,National Operations Designer
Mariane,Zemlak,Hadley_Goodwin@yahoo.com,23,International Solutions Architect
Teresa,Brekke,Jay_Hartmann@gmail.com,53,Internal Creative Director
Edythe,Okuneva,Oswald.OKeefe56@hotmail.com,53,Direct Division Designer
Tyra,Konopelski,Kane.Jaskolski66@hotmail.com,38,National Functionality Associate
Beth,Hyatt,Alden_Bogan81@yahoo.com,55,Customer Configuration Analyst
Kim,Shanahan,Trent_Spinka@hotmail.com,53,Direct Infrastructure Orchestrator
Toni,Stanton,Krystina_Emmerich48@gmail.com,39,International Response Director
Alanna,Beatty,Theo_Runte@gmail.com,20,Dynamic Metrics Officer
Zoila,Nolan,Sage_Legros-Gibson79@hotmail.com,29,Product Accounts Technician
Keshawn,Swift,Cruz.West@gmail.com,64,Corporate Paradigm Executive
Jeramie,Labadie-Medhurst,Onie.Rippin@gmail.com,65,Human Group Specialist
Beverly,Leannon,Dudley.Stamm53@gmail.com,21,Direct Metrics Designer
Audrey,Erdman,Rose_Johnson@gmail.com,48,District Research Strategist
Aliya,Stehr,Thaddeus47@gmail.com,27,Product Markets Strategist
Madie,White,Treva.Marquardt@hotmail.com,50,Regional Solutions Manager
Kaylee,Ruecker,Ericka29@hotmail.com,20,Global Branding Orchestrator
Joshuah,Keeling,Lizzie53@yahoo.com,56,Internal Accountability Executive
Cody,Rau,Lamont_Schuster72@hotmail.com,37,International Data Supervisor
Koby,Hoeger,Therese89@gmail.com,27,Regional Response Consultant
Sallie,Lind,Noe59@hotmail.com,24,Central Communications Director
Dillon,Ziemann,Isaac_Klocko55@gmail.com,59,International Operations Designer
Max,Beatty,Tony_Fisher@hotmail.com,23,Human Functionality Agent
Amari,Haley,Rickey.Wehner@gmail.com,62,Product Accountability Architect
Savannah,Zboncak,Fabian.Barton70@gmail.com,40,Global Research Engineer
Maximilian,Hintz,Ulises_Cremin@gmail.com,61,Human Solutions Director
Frederick,Watsica,Roma.Swaniawski@yahoo.com,24,Direct Quality Assistant
Madyson,Nienow,Freeda38@hotmail.com,56,Customer Group Strategist
Abbie,Nitzsche,Anika_Corkery6@gmail.com,63,Forward Optimization Assistant
Glenda,Collins,Ernesto15@yahoo.com,38,National Directives Architect
Karl,Ratke,Alexandre_Kessler@gmail.com,40,Global Implementation Director
Sydnie,Towne,Lindsey_Goyette85@yahoo.com,62,Senior Tactics Developer
Dangelo,Marquardt,Ivy25@hotmail.com,37,Dynamic Solutions Developer
Tess,Wintheiser,Katrina_Schroeder@yahoo.com,52,Forward Identity Strategist
Aaliyah,Heaney,Ferne.Stehr@yahoo.com,22,Corporate Applications Planner
Fleta,Schulist,Mallory.OKeefe47@yahoo.com,51,Principal Mobility Administrator
Nathanial,Swaniawski,Sophie33@yahoo.com,28,Investor Marketing Director
Chanelle,Ebert,Cortez_Hammes57@yahoo.com,44,Future Infrastructure Associate
Edwardo,Fritsch,Marta_OKeefe@gmail.com,22,Direct Applications Manager
Reuben,Herman,Juwan_Purdy-Rice@gmail.com,18,Forward Interactions Associate
Soledad,Greenholt,Susan.Pollich@yahoo.com,18,National Functionality Director
Lila,Littel,Barton_Hackett@yahoo.com,40,Customer Markets Manager
Americo,Bogan,Elijah_Zemlak@yahoo.com,62,Future Factors Facilitator
Vivien,Roob,Maia.Monahan@hotmail.com,55,Legacy Identity Liaison
Madie,Schmeler,Marcelino_Barrows72@gmail.com,22,Direct Response Coordinator
Freddie,Balistreri,Alexane.Wehner@yahoo.com,29,Central Operations Developer
Graham,Witting,Kamille88@gmail.com,36,Global Assurance Technician
Miles,Gusikowski,Pasquale_Vandervort83@gmail.com,49,Principal Tactics Strategist
Jakob,Kris,Victor.Hermiston90@gmail.com,34,Legacy Accounts Executive
Mustafa,Hilll,Antwon.Spencer37@yahoo.com,62,Central Applications Designer
Bryana,Bergstrom,Erwin38@yahoo.com,53,Forward Infrastructure Developer
Jesse,Wehner,Lori98@gmail.com,59,Internal Metrics Representative
Eleanora,Armstrong,Jarred74@yahoo.com,26,Senior Solutions Administrator
Yesenia,Adams,Oleta_Schiller23@hotmail.com,43,National Research Strategist
Hermina,Huels,Magnus_Dietrich33@gmail.com,24,Lead Markets Coordinator
Sigurd,White,Leopoldo33@yahoo.com,50,Dynamic Paradigm Facilitator
Reinhold,Gusikowski,Jeff_Becker63@yahoo.com,49,Lead Accountability Producer
Felicia,Rodriguez,Norma50@gmail.com,57,Customer Intranet Administrator
Raphael,Konopelski,Emilie44@hotmail.com,23,Internal Creative Planner
Winifred,Towne,Jovan50@yahoo.com,34,Central Operations Orchestrator
Marguerite,Buckridge,Amani55@yahoo.com,46,Corporate Directives Technician
Ada,Senger,Trinity.Gerhold57@yahoo.com,30,Customer Brand Strategist
Dahlia,Thiel,Daija_Greenfelder-Nicolas@gmail.com,26,Senior Configuration Architect
Aisha,Auer,Jedidiah_Little16@hotmail.com,47,National Program Representative
Estell,Hilll,Una99@gmail.com,25,Future Response Administrator
Mortimer,Bradtke,Hilma.Vandervort11@gmail.com,21,Central Interactions Planner
Lacey,Goldner,Judge26@yahoo.com,39,Product Optimization Assistant
Caleigh,Daugherty,Arturo.Carroll@gmail.com,44,Senior Intranet Technician
Michelle,D'Amore,Carley47@gmail.com,35,Direct Integration Developer
Elisa,Padberg,Maia_Sauer@gmail.com,51,Senior Optimization Planner
Mitchel,Gerlach,Coty27@gmail.com,47,Chief Brand Associate
Seamus,Medhurst,Selina.Labadie50@hotmail.com,23,Future Functionality Specialist
Sophia,Little,Stephania.Collier@gmail.com,50,Corporate Applications Analyst
Creola,Emard,Peyton59@yahoo.com,54,Product Mobility Consultant
Jacklyn,Ankunding-Harris,Brenden.Schaden@hotmail.com,23,Senior Interactions Director
Richmond,Ratke,Imelda.Herman@gmail.com,20,Internal Creative Associate
Leonardo,Morar,Vickie59@hotmail.com,42,Product Response Liaison
Laury,Metz,Henderson97@gmail.com,56,Senior Usability Facilitator
Camryn,Orn,Patricia.Cremin35@yahoo.com,47,Chief Operations Specialist
Tara,Nienow,Talia.Altenwerth93@yahoo.com,25,Principal Implementation Facilitator
Angelo,Bashirian,Remington_Kunze54@hotmail.com,54,Chief Interactions Strategist
Arielle,Torphy,Tyrel79@hotmail.com,28,Dynamic Research Strategist
Zachery,Corwin,Jacky_Kohler21@yahoo.com,18,Central Program Associate
Weston,Kessler,Ahmad_Wunsch51@yahoo.com,18,National Interactions Executive
Bennett,Ledner,Presley_Dickinson@yahoo.com,63,Product Optimization Assistant
Earline,Stamm,Cyril_Murphy5@hotmail.com,56,Product Research Assistant
Michael,Prosacco,Margret.Bradtke@gmail.com,19,Lead Identity Officer
Augustus,Smith,Montana_Leannon22@gmail.com,19,District Interactions Strategist
Micah,Spinka,Tanya.Nitzsche69@gmail.com,31,Senior Identity Representative
Marianna,Klocko,Delbert_Crooks@yahoo.com,58,Forward Functionality Specialist
Josh,Rath,Alayna.Funk@gmail.com,42,Principal Identity Technician
Maude,Schaden,Cordelia.Jacobs47@yahoo.com,65,Senior Intranet Orchestrator
Krystina,Pfeffer,Shaun.Bogisich94@gmail.com,53,Dynamic Creative Assistant
Casper,Harvey,Amina_Zemlak51@gmail.com,54,Human Infrastructure Consultant
Carmel,Stokes,Millie95@hotmail.com,21,Internal Markets Representative
Rod,Kreiger,Natalia_Dare99@yahoo.com,29,Central Program Planner
Carlee,Farrell,Garett.Paucek50@hotmail.com,57,Principal Factors Officer
Kamren,Greenholt,Vida.Schinner@hotmail.com,25,Global Accounts Administrator
Santa,Cremin,Arvilla_Kirlin@yahoo.com,43,International Response Consultant
Brielle,MacGyver,Kaitlin_Leuschke16@hotmail.com,33,District Communications Representative
Hanna,Miller,Janick0@hotmail.com,63,Dynamic Solutions Technician
Kamille,Huel,Ethan.Reynolds59@hotmail.com,64,Principal Marketing Supervisor
Eulalia,Windler,Garland5@yahoo.com,61,Chief Interactions Manager
Lauren,Collier,Vesta.Mante@hotmail.com,50,Lead Integration Developer
Ashlee,Cummings,Kurtis78@yahoo.com,41,Forward Optimization Architect
Emilie,Bergstrom,Tressie69@gmail.com,44,Product Solutions Orchestrator
Annabel,Zieme,Herman_Mueller@yahoo.com,28,Regional Functionality Orchestrator
Kamryn,Crist,Elian.Prohaska33@hotmail.com,31,District Applications Orchestrator
Jolie,McGlynn,Josiane_Hauck53@hotmail.com,51,Chief Communications Architect
Kameron,O'Kon,Matteo40@gmail.com,29,Corporate Division Facilitator
Greyson,Quitzon,Aglae_Feeney@yahoo.com,25,Regional Web Specialist
Cecil,Braun,Josephine.Predovic@yahoo.com,35,Chief Program Coordinator
Wyatt,Greenfelder,Norwood59@hotmail.com,32,Central Brand Coordinator
Sophie,Miller,Kelsie.Rutherford28@yahoo.com,32,Future Security Designer
Arlie,Champlin,Mervin_Leffler@yahoo.com,23,Internal Communications Consultant
Janiya,Bartell,Bettye42@yahoo.com,28,Direct Usability Orchestrator
Keyshawn,Schulist,Orlando_Pouros@yahoo.com,26,District Brand Architect
Roselyn,Rutherford,Gerson_Collins@yahoo.com,38,Regional Brand Supervisor
Eleanora,Zboncak,Bill0@hotmail.com,40,International Infrastructure Orchestrator
Yasmine,Schulist,Kolby_Gulgowski@yahoo.com,44,Dynamic Paradigm Designer
Ezequiel,Ortiz,Domenic.Pollich94@yahoo.com,24,Corporate Marketing Designer
Mandy,Weimann,Lane_Kovacek@yahoo.com,51,International Brand Architect
Brielle,Luettgen,Nyasia40@hotmail.com,62,Human Identity Analyst
Flo,Streich,Nicholaus_Dickinson@hotmail.com,50,District Intranet Strategist
Lelah,Medhurst,Elise_Dickens23@yahoo.com,43,District Mobility Associate
Aileen,Considine,Cassandra.Swift3@gmail.com,38,District Research Coordinator
Aurore,Funk-Miller,Lula72@hotmail.com,21,National Functionality Architect
Margot,Koepp,Sherman_Spinka79@hotmail.com,30,Regional Functionality Liaison
Presley,Hagenes,Nadia.Lynch@hotmail.com,52,Senior Assurance Analyst
Julie,Bernier,Sierra.Blanda60@hotmail.com,54,Corporate Research Developer
Franco,Effertz,Cornelius_Mohr@hotmail.com,64,Future Accounts Specialist
Ezequiel,Mertz,Guido.Hand92@gmail.com,52,Senior Functionality Assistant
Georgianna,Ferry,Mariano29@yahoo.com,33,Customer Optimization Coordinator
Walker,Jones,Elmore_Barrows10@hotmail.com,61,Global Assurance Analyst
Wilford,Robel,Bessie_Grady22@gmail.com,46,Product Operations Agent
Calista,Doyle,Coty.Toy@gmail.com,29,Principal Factors Specialist
Jocelyn,Schroeder,Savanna_Schuster68@hotmail.com,51,Human Division Officer
Dewayne,Wolf,Theodora.Denesik26@hotmail.com,59,Direct Quality Supervisor
Gabriel,Stamm,Cara_Farrell@gmail.com,19,Forward Brand Planner
Hiram,Hamill,Margret_Cronin54@yahoo.com,19,Global Implementation Associate
Gregory,Schuppe,Roscoe_Becker25@gmail.com,48,Chief Marketing Representative
Lessie,Corkery,Marlee43@yahoo.com,32,Future Intranet Agent
Domenic,Altenwerth,Sherwood.Hintz8@yahoo.com,60,Chief Factors Strategist
Deanna,Reichert,Roscoe.Walker@yahoo.com,18,Product Intranet Agent
Winston,Schuster,Ewell41@hotmail.com,46,Corporate Integration Consultant
Mortimer,Abshire,Verner_Kohler21@yahoo.com,43,Internal Assurance Agent
Mary,Weimann,Jedidiah63@gmail.com,56,Dynamic Web Strategist
Bell,Farrell,Gerald0@hotmail.com,37,Central Markets Strategist
Layne,Hauck,Scot_Feil@hotmail.com,65,International Response Technician
Gladyce,Rogahn,Alvena_Auer96@hotmail.com,37,Principal Configuration Representative
Judge,Watsica,Estefania_Gibson32@hotmail.com,30,District Metrics Consultant
Mollie,Gusikowski,Wilfredo.Lind92@yahoo.com,40,Future Implementation Designer
Elyssa,Ullrich-O'Reilly,Johnnie15@hotmail.com,36,Direct Optimization Coordinator
Hassie,Graham,Naomie_Macejkovic34@gmail.com,47,Lead Markets Administrator
Hulda,O'Hara,Bertrand99@hotmail.com,40,Lead Directives Analyst
Vidal,Lehner,Jayce_Huel77@gmail.com,34,Chief Tactics Officer
Arlene,Veum,Tyreek37@hotmail.com,50,Dynamic Accountability Assistant
Lorenza,Wisozk,Emerson_Wehner76@gmail.com,43,Chief Brand Associate
King,Vandervort,Hilton_Quitzon@yahoo.com,40,Legacy Branding Strategist
Shayna,Gottlieb,Derek_Mohr49@hotmail.com,23,Global Metrics Planner
Nichole,Huel,Velma.Hegmann2@hotmail.com,23,Dynamic Paradigm Assistant
Waylon,Christiansen,Connor.Toy89@yahoo.com,53,Principal Web Specialist
Marianna,Hermiston,Myra.Walsh30@yahoo.com,37,Forward Intranet Technician
Creola,Bogan,Andy.Legros78@hotmail.com,23,Investor Configuration Developer
Jeanne,Osinski,Alexie_Feest12@yahoo.com,54,National Directives Planner
Schuyler,Bernier,Isom58@yahoo.com,54,Customer Usability Administrator
Coty,McClure,Jermey.MacGyver52@gmail.com,61,Central Implementation Coordinator
Ruthie,Towne,Jarod41@yahoo.com,63,Customer Configuration Facilitator
Reggie,Hilll,Brad3@hotmail.com,23,Internal Interactions Developer
Margaret,Grimes,Lacy_Ritchie0@yahoo.com,55,Chief Security Developer
Jamar,Herzog,Adelia.Hodkiewicz@hotmail.com,40,Senior Response Coordinator
Ferne,Bode,Frances_Cormier@hotmail.com,47,National Markets Architect
Earl,Ziemann,William52@hotmail.com,38,Central Infrastructure Producer
Ima,Boyer,Kayley_Williamson49@gmail.com,40,National Response Specialist
Joshua,Franey,Lester_Brekke@gmail.com,26,Product Usability Manager
Jovany,Dach,Antonia30@hotmail.com,56,Senior Web Administrator
Malvina,Robel,Rashad68@hotmail.com,38,Human Intranet Associate
Kenton,Jacobi,Granville_Little-Okuneva@gmail.com,23,Senior Infrastructure Consultant
Giovani,Brown,Russ_Lynch54@yahoo.com,18,Direct Creative Liaison
Keshawn,Cartwright,Amber23@yahoo.com,49,Regional Metrics Officer
Gia,Hintz,Donnie_Schulist-Kessler39@yahoo.com,57,District Research Coordinator
Demarcus,Auer,Tiana1@gmail.com,24,Legacy Mobility Designer
Mavis,Bergstrom,Marge.Deckow@gmail.com,39,Senior Creative Liaison
Quentin,Farrell,Jean.Lemke17@gmail.com,23,Senior Assurance Manager
Letha,Smitham,Cornell20@gmail.com,27,Senior Group Specialist
Lilly,Osinski,Wayne95@yahoo.com,45,Future Intranet Director
Andrew,Koepp,Annetta_Herzog@gmail.com,56,Corporate Metrics Engineer
Burdette,Huels,Colton12@hotmail.com,65,Direct Usability Representative
Angelina,Anderson,Ismael62@hotmail.com,27,Global Assurance Developer
Jovani,Cruickshank,Adela_Wisozk64@gmail.com,25,Investor Operations Specialist
Wendell,Krajcik,Lenny_Satterfield67@yahoo.com,25,Internal Infrastructure Orchestrator
Carolina,Klocko,Christine_Feeney@yahoo.com,59,District Group Representative
Lambert,Von,Elissa_Dooley@gmail.com,48,Lead Functionality Representative
Abelardo,Stroman,Emie.Koelpin52@hotmail.com,23,Principal Metrics Supervisor
Isabell,Braun,Alexzander.Corkery@yahoo.com,45,International Operations Planner
Nathanael,Tromp,Herminio_Nienow@yahoo.com,49,Global Integration Executive
Lucile,Wehner,Gilda_Schultz-Stanton@gmail.com,44,Future Identity Agent
Marcelle,Schowalter,Charity.Renner@gmail.com,39,Customer Integration Agent
Alyce,Rogahn,Billy_Grant84@yahoo.com,41,Investor Tactics Manager
Savion,Stark,Baylee_Schimmel71@hotmail.com,39,Senior Assurance Coordinator
Reece,Ratke,Marlin.Frami80@gmail.com,57,Central Research Specialist
Monica,Swaniawski,Mallie95@hotmail.com,44,District Applications Technician
Madeline,Bahringer,Brenden.Gottlieb84@yahoo.com,49,District Intranet Supervisor
Jennie,Klein,Trinity.Bechtelar@gmail.com,36,Legacy Group Assistant
Amelia,Monahan-Okuneva,Nels44@yahoo.com,30,Dynamic Markets Supervisor
Ida,Bartoletti,Louvenia90@yahoo.com,49,International Security Representative
Filiberto,Volkman,Jadyn87@yahoo.com,35,Principal Mobility Technician
Rosario,Cruickshank,Albert30@yahoo.com,60,Internal Usability Agent
Eloisa,Hansen,Guillermo_Fay@hotmail.com,25,Corporate Division Producer
Bridgette,Dietrich,Hillary_Ullrich@yahoo.com,28,Future Implementation Consultant
Patricia,Beatty,Estevan.Jacobson16@hotmail.com,63,Forward Division Director
Deangelo,Heidenreich,Frieda_Turcotte@gmail.com,52,Central Directives Supervisor
Mireya,Bruen,Orie2@yahoo.com,58,Senior Configuration Consultant
Lurline,Wisozk,Lee.Schroeder@yahoo.com,24,Forward Factors Associate
Ivah,Yundt,Haven79@yahoo.com,28,Product Identity Supervisor
Maya,Zboncak-Ledner,Cathryn_Hoppe@hotmail.com,43,Central Configuration Assistant
Karine,Funk,Candice_Little12@hotmail.com,56,Investor Quality Representative
Sallie,Kreiger,Berry_Jakubowski@hotmail.com,20,Legacy Interactions Consultant
Maverick,Wintheiser,Murray5@gmail.com,35,Chief Paradigm Coordinator
Maurice,Kuhic,Baron_Mosciski@hotmail.com,65,National Solutions Orchestrator
Mollie,Thompson,Winona97@yahoo.com,33,Regional Mobility Representative
Amalia,Hettinger,Irma_Luettgen@gmail.com,48,Regional Assurance Consultant
Althea,Kreiger,Alvina13@yahoo.com,33,National Identity Engineer
Jamison,Olson-Rice,Jerome_Blick55@hotmail.com,24,Corporate Division Planner
Louie,Little,Kayley76@hotmail.com,21,Human Accounts Representative
Hilma,Simonis,Nina.Spinka12@gmail.com,52,Legacy Functionality Analyst
Winnifred,Crooks,Dalton.Gulgowski3@hotmail.com,24,Senior Configuration Manager
Santos,Lubowitz,Alessandra_Hudson@gmail.com,56,Future Research Liaison
Deron,Swaniawski,Winnifred_Barrows79@yahoo.com,54,National Mobility Administrator
Favian,Hackett,Delphia.Koss82@yahoo.com,23,Customer Division Producer
Rose,Oberbrunner,Malika41@hotmail.com,60,Future Usability Supervisor
Corine,Walsh-Cremin,Arlo90@gmail.com,18,Corporate Assurance Strategist
Madonna,Ratke,Martine3@gmail.com,63,National Operations Orchestrator
Abraham,Schmitt,Marta_Lind96@hotmail.com,64,Internal Paradigm Administrator
Mervin,Haag,Nels_McKenzie@yahoo.com,25,District Infrastructure Executive
Barbara,Jerde,Antoinette.OReilly20@hotmail.com,53,Lead Marketing Coordinator
Kelsi,Aufderhar,Darien89@hotmail.com,63,District Infrastructure Liaison
Barton,Hickle,Marlon.Hackett63@yahoo.com,39,District Solutions Developer
Wade,Miller,Sandrine.Stanton61@gmail.com,43,Future Creative Architect
Kelsi,Pouros,Tito.Crooks@hotmail.com,51,Chief Interactions Representative
Darwin,Ratke,Adolphus53@yahoo.com,38,Corporate Optimization Officer
Martin,Bailey,Judd_Brekke@yahoo.com,34,Senior Factors Facilitator
Arlie,Casper,Christine_Crist4@gmail.com,25,Product Brand Associate
Citlalli,Kassulke,Marty3@hotmail.com,41,Human Interactions Assistant
Fabian,Schaden,Alvina.Witting@hotmail.com,44,Internal Web Executive
Hildegard,Davis,Ignacio38@gmail.com,24,Dynamic Branding Analyst
Kali,Johns,Rosanna34@hotmail.com,29,Senior Intranet Administrator
Katharina,Lang,Osvaldo_Block78@yahoo.com,20,Dynamic Data Analyst
Casey,Johnston,Jenifer_Kreiger7@hotmail.com,54,Internal Response Designer
Tia,Koch,Isai.Bode@yahoo.com,22,National Implementation Representative
Madie,Beatty,Ryley66@hotmail.com,46,Lead Quality Specialist
Corrine,Aufderhar,Darren84@gmail.com,19,National Markets Associate
Macey,Mohr,Jarred_Buckridge@gmail.com,34,Future Usability Orchestrator
Perry,Huels,Scottie_Kozey@hotmail.com,23,Corporate Configuration Technician
Loyce,Heathcote,Tito.Goldner28@yahoo.com,47,Lead Intranet Liaison
Leonor,Feeney,Lilly_Hermiston50@yahoo.com,19,Product Factors Consultant
Santiago,Lockman,Verda_Marks61@gmail.com,50,Central Metrics Manager
Joan,Ankunding,Tatum68@gmail.com,58,Customer Operations Specialist
Frank,Block,Viva.Jacobs@yahoo.com,53,Legacy Response Coordinator
Orlo,Wolf,Novella49@hotmail.com,38,Regional Markets Executive
Joan,Lowe,Misael_Monahan@hotmail.com,47,Direct Communications Architect
Vivien,Romaguera,Shaylee30@gmail.com,44,Corporate Tactics Consultant
Nelle,Rice,Jerad_Cummerata14@hotmail.com,38,Customer Operations Manager
Helga,Olson,Lois_Turner71@yahoo.com,54,Human Functionality Designer
Daphney,Ferry,Korbin.Dach64@yahoo.com,27,Chief Markets Associate
Chris,Marvin,Emile.Smitham@hotmail.com,20,Product Solutions Manager
Peggie,Roob,Melissa25@gmail.com,34,Corporate Division Engineer
Jed,Macejkovic-Johnston,Fleta.Lindgren@gmail.com,22,Investor Optimization Technician
Jeramy,Connelly,Kenya38@gmail.com,54,District Directives Coordinator
Shana,Paucek,Jesus.Lockman@gmail.com,39,Corporate Quality Technician
Elinor,Veum,Eldred42@hotmail.com,34,Corporate Data Assistant
Natalia,Jaskolski,Brady39@gmail.com,62,Regional Marketing Coordinator
Willy,Waters,Monica59@gmail.com,43,International Security Assistant
Demetrius,Cormier,Rollin_Lang38@yahoo.com,44,Corporate Marketing Engineer
Lori,Medhurst,Una.Herman@hotmail.com,60,Legacy Accountability Coordinator
Concepcion,Veum,Sister_Douglas10@gmail.com,35,Customer Configuration Supervisor
Teagan,Walsh,Crystel5@hotmail.com,42,Chief Intranet Manager
Terrance,Frami,Dejon69@gmail.com,26,Senior Branding Technician
Derek,Boyle,Karianne13@hotmail.com,45,Senior Mobility Executive
Anya,Kuhn,Brycen.Daugherty-Deckow@yahoo.com,65,International Quality Assistant
Marjory,Hand,Annamae28@gmail.com,28,Senior Web Agent
Pearline,Lang,Ashly.Heidenreich@yahoo.com,43,National Assurance Officer
Akeem,Breitenberg,Amy_Reilly@gmail.com,65,Principal Mobility Agent
Josephine,Champlin,Loyce.Altenwerth@gmail.com,35,Lead Creative Manager
Dion,Kuhn,Isom82@gmail.com,45,Central Interactions Supervisor
Chyna,Hayes,Delta_Smith14@yahoo.com,56,Internal Assurance Representative
Terry,Lehner,Sheridan32@gmail.com,29,Central Tactics Associate
Larry,Cremin,Giovani.Conroy83@hotmail.com,61,Internal Data Orchestrator
Sandra,Bergstrom,Willy50@yahoo.com,44,Direct Assurance Director
Enoch,Labadie,Casper_Ondricka@yahoo.com,43,Senior Integration Coordinator
Reta,Johns,Leatha_Halvorson88@gmail.com,60,Central Data Orchestrator
Leonard,Auer,Carson79@hotmail.com,38,Central Intranet Architect
Ted,Hauck,Myrtice20@gmail.com,44,Regional Communications Orchestrator
Sedrick,Tromp,Edmund.Kerluke14@yahoo.com,65,Regional Markets Technician
Sylvia,Pollich,Sim63@yahoo.com,25,Internal Mobility Manager
Jaleel,Auer,Brandt_Schinner@yahoo.com,44,Global Metrics Associate
Liza,Roob,Heaven_Nader37@yahoo.com,56,Principal Solutions Technician
Jermaine,Lakin,Skye.Gutkowski80@gmail.com,24,Product Implementation Liaison
Rex,Larson,Verla88@hotmail.com,62,Future Quality Liaison
Heath,Yundt-Gleichner,Ivy94@yahoo.com,39,Lead Optimization Officer
Rickey,Schuppe,Effie39@gmail.com,55,Investor Infrastructure Architect
Paul,Steuber,Beaulah.Jones@hotmail.com,30,Senior Program Technician
Maxie,Emmerich,Ali_Weber84@hotmail.com,37,International Intranet Assistant
Ena,Green,Bruce_Cassin15@gmail.com,55,Global Accountability Facilitator
Rhea,Cummerata,Percival_Wiza15@hotmail.com,45,Global Metrics Representative
Samanta,Pagac-Davis,Callie.Waters@hotmail.com,37,Human Implementation Administrator
Vincent,Ferry,Emmitt69@yahoo.com,42,Direct Identity Representative
Bo,Feil,Alexzander.Cummings23@hotmail.com,52,International Paradigm Coordinator
Anahi,Kub,Kamille.Gerhold35@gmail.com,25,Product Security Architect
Korbin,MacGyver,Dasia.Prosacco@gmail.com,20,Principal Identity Analyst
Maybelle,Goldner,Clementina_Kertzmann@hotmail.com,47,District Group Executive
Toney,Collins,Linda27@gmail.com,46,Human Solutions Associate
Ezequiel,Halvorson,Alexandre.Legros10@yahoo.com,31,Dynamic Program Executive
Newton,Prohaska,Tomas_Schamberger@hotmail.com,50,Internal Response Manager
Orion,Lubowitz,Corbin67@gmail.com,63,Future Research Executive
Alberta,Bayer,Jayson_Lindgren64@gmail.com,51,National Paradigm Supervisor
Aniya,Green,Maci61@hotmail.com,58,Internal Creative Architect
Hettie,Yundt,Kendrick_Shields46@hotmail.com,51,National Mobility Liaison
Remington,Green,Rosamond_Hauck@gmail.com,36,Future Response Architect
Jayda,Botsford,Theodore42@hotmail.com,62,Legacy Implementation Associate
Darrion,Heathcote,Kris.Pollich42@gmail.com,38,Principal Metrics Producer
Alexane,Senger,Priscilla69@hotmail.com,27,Legacy Response Designer
Maya,Koss,Kenya9@hotmail.com,56,Lead Solutions Consultant
Ona,Simonis,Icie96@gmail.com,45,Corporate Branding Director
Bobbie,Schuppe,Katlyn89@yahoo.com,42,Corporate Marketing Administrator
Grace,Wilkinson,Cydney.McClure@gmail.com,31,Dynamic Web Associate
Laurianne,Grant,Kyleigh_McGlynn-Maggio46@hotmail.com,26,Dynamic Identity Administrator
Danial,Terry,Dillon29@gmail.com,42,Global Intranet Producer
Lottie,Nader,Leone25@hotmail.com,48,Product Marketing Officer
Eugenia,Rice,Franco_Runolfsdottir68@gmail.com,54,Principal Operations Engineer
Eliane,Crooks,Dave.Kuphal23@yahoo.com,41,Regional Division Developer
Bernie,Hamill,Delaney.Bradtke@yahoo.com,47,Future Program Orchestrator
Darien,Zboncak,Itzel_Schmitt62@gmail.com,47,Global Metrics Director
Titus,Waters,Durward_Stehr@gmail.com,38,Internal Mobility Engineer
Frida,Schimmel,Fern.Lockman29@yahoo.com,37,Forward Branding Assistant
Valentin,Kohler,Evelyn.Tremblay@gmail.com,38,Central Tactics Architect
Tamara,Wilderman,Itzel97@hotmail.com,45,Regional Web Executive
Ruthe,Franey,Ardella73@gmail.com,19,International Solutions Developer
Enoch,Goodwin-Schuster,Lavonne.King97@gmail.com,28,Internal Branding Executive
Rosina,Sanford,Manley49@gmail.com,47,Principal Configuration Architect
Grayce,Bosco,Marcella_Daniel@yahoo.com,64,Customer Response Strategist
Sim,West,Clay77@hotmail.com,22,Dynamic Tactics Executive
Eleonore,Stiedemann,Domenic99@hotmail.com,58,Principal Creative Agent
Yadira,Stokes,Marcel_Bednar62@yahoo.com,23,Central Accounts Agent
Efrain,Boyer,Oswaldo_Friesen27@hotmail.com,50,Investor Security Strategist
Bonnie,Lebsack,Randall49@hotmail.com,26,Direct Accounts Officer
Merl,Little,Chyna5@gmail.com,64,Human Data Technician
Arianna,Streich,Vergie32@yahoo.com,54,Regional Interactions Technician
Cassie,Kihn,Cordia.Marquardt@yahoo.com,44,Investor Operations Developer
Aubrey,Lakin,Axel_Feest2@yahoo.com,52,Product Directives Coordinator
Kimberly,Bailey,Amira.Fisher@yahoo.com,28,Chief Metrics Technician
Jena,Stracke,Raymond72@hotmail.com,46,Human Quality Facilitator
Rozella,Torp,Renee_Beer@hotmail.com,29,Chief Usability Analyst
Wendell,Barrows,Shane.Howe31@hotmail.com,34,Regional Identity Technician
Lisandro,Ratke,Rozella.Tillman41@hotmail.com,48,Customer Interactions Facilitator
Tanner,Kub,Phyllis.Leannon73@yahoo.com,49,Principal Creative Engineer
Anibal,Harber,Joana_Nitzsche@hotmail.com,48,Internal Data Orchestrator
Joannie,Hettinger,Gerald.Rolfson@hotmail.com,21,Corporate Infrastructure Coordinator
Nedra,Dietrich-Zulauf,Bernard10@hotmail.com,22,Central Applications Supervisor
Broderick,Hilll,Chloe_Barton@hotmail.com,57,Future Security Assistant
Ona,Morar,Marcos_Daugherty59@gmail.com,20,Forward Paradigm Planner
Juliet,Grant,Juston_Schmidt73@gmail.com,28,Customer Optimization Manager
Nathen,Greenholt,Wilfrid_Stanton67@yahoo.com,20,Investor Operations Designer
Hunter,Ankunding,Noemie_Waters7@yahoo.com,42,Dynamic Program Designer
Alexander,Dickens,Terry_Leuschke@yahoo.com,20,Chief Creative Representative
Concepcion,Franey,Renee_Cole-Kozey@hotmail.com,64,Legacy Usability Liaison
Francisca,Corwin,Bryce_Smitham25@yahoo.com,20,National Research Specialist
Rashad,Waters,Kaia_Block90@hotmail.com,50,Lead Intranet Architect
Landen,Morissette,Ken.Jacobson7@yahoo.com,62,Global Directives Consultant
Madge,Graham,Chester27@hotmail.com,45,Direct Applications Representative
Bridie,Kris,Bernita.Schuster1@hotmail.com,39,Internal Communications Administrator
Garland,DuBuque,Xavier.Hettinger@yahoo.com,31,Global Operations Liaison
Meda,Dare,Marcelo_Cartwright6@hotmail.com,65,National Intranet Representative
Jayda,Schmeler,Bernardo.Monahan31@hotmail.com,62,Principal Paradigm Assistant
Sigrid,Hilll,Delphine.Ebert-Jaskolski30@hotmail.com,41,Chief Accounts Associate
Joanie,Bradtke,Chanel.Blick18@yahoo.com,44,International Web Planner
Kathleen,Yundt,Samantha.Gottlieb@gmail.com,65,Regional Directives Designer
Aniyah,Berge,Oleta60@gmail.com,53,Global Operations Consultant
Cecelia,Will,Vilma.Padberg92@hotmail.com,34,Forward Metrics Designer
Ayden,Flatley,Silas28@yahoo.com,39,Global Solutions Facilitator
Heaven,Breitenberg,Ernest.Morar@hotmail.com,43,District Division Strategist
Zakary,Jenkins,Otis20@gmail.com,60,Investor Directives Developer
Wanda,Flatley,Trystan_Emmerich7@gmail.com,56,Dynamic Intranet Administrator
Skye,Roob,Delta23@gmail.com,30,Investor Metrics Engineer
Ezekiel,Kilback,Marietta_Moore45@yahoo.com,63,Direct Paradigm Specialist
Ernest,Halvorson,Ernestina_Ruecker@gmail.com,50,Investor Infrastructure Producer
Mallie,Sauer,Nathanial_Boyle10@yahoo.com,48,Central Mobility Agent
Edwardo,Goodwin,Jany68@gmail.com,49,International Division Analyst
Bruce,Hammes,Golda4@gmail.com,50,Customer Functionality Designer
Dewayne,Wilkinson,Kiley.Greenholt99@yahoo.com,24,Legacy Quality Developer
Johan,Schmidt,Alexane2@yahoo.com,28,Investor Program Agent
General,Goyette,Marcos.Pouros@hotmail.com,47,Direct Applications Specialist
Mattie,Legros,Luna_Steuber@gmail.com,40,Direct Data Technician
Albertha,Ryan,Micaela.Strosin25@yahoo.com,46,National Solutions Associate
Margarette,Conroy,Will.Crona21@hotmail.com,65,Senior Assurance Facilitator
Herminio,Johnson,Myles8@hotmail.com,61,Investor Brand Officer
Nina,Fisher,Dale.Trantow67@hotmail.com,32,Dynamic Operations Technician
Daija,Kemmer,Eleazar59@gmail.com,35,Chief Quality Orchestrator
Kristy,King,Kendra_Herman81@gmail.com,18,International Operations Planner
Brendon,Windler,Savanna88@gmail.com,31,Human Marketing Coordinator
Orlando,Stehr,Abel.Roob6@gmail.com,57,Global Integration Orchestrator
Tanner,Heaney,Maverick42@gmail.com,51,National Paradigm Planner
Merl,Beer,Elenora_Leannon75@gmail.com,60,Product Implementation Specialist
Sally,Heathcote,Dexter26@hotmail.com,42,Principal Marketing Technician
Kurtis,Cruickshank,Gerson_Brown18@yahoo.com,57,Global Identity Director